zip,num_vehicles,num_chargers,_merge,vehicles_per_charger,valid_zip
15237,0.0,1,right_only,0.0,1
31002,0.0,1,right_only,0.0,1
85608,0.0,1,right_only,0.0,1
90002,0.0,3,right_only,0.0,1
90003,0.0,4,right_only,0.0,1
90004,0.0,16,right_only,0.0,1
90005,0.0,18,right_only,0.0,1
90006,0.0,11,right_only,0.0,1
90007,0.0,49,right_only,0.0,1
90008,0.0,11,right_only,0.0,1
90010,0.0,8,right_only,0.0,1
90011,0.0,14,right_only,0.0,1
90012,0.0,63,right_only,0.0,1
90013,0.0,14,right_only,0.0,1
90014,0.0,29,right_only,0.0,1
90015,0.0,73,right_only,0.0,1
90016,0.0,19,right_only,0.0,1
90017,0.0,50,right_only,0.0,1
90018,0.0,3,right_only,0.0,1
90019,0.0,11,right_only,0.0,1
90020,0.0,9,right_only,0.0,1
90021,0.0,12,right_only,0.0,1
90022,0.0,1,right_only,0.0,1
90023,0.0,2,right_only,0.0,1
90024,0.0,19,right_only,0.0,1
90025,0.0,104,right_only,0.0,1
90026,0.0,21,right_only,0.0,1
90027,0.0,19,right_only,0.0,1
90028,0.0,84,right_only,0.0,1
90029,0.0,18,right_only,0.0,1
90030,0.0,1,right_only,0.0,1
90031,0.0,7,right_only,0.0,1
90032,0.0,41,right_only,0.0,1
90033,0.0,37,right_only,0.0,1
90034,0.0,34,right_only,0.0,1
90035,0.0,24,right_only,0.0,1
90036,0.0,27,right_only,0.0,1
90037,0.0,8,right_only,0.0,1
90038,0.0,63,right_only,0.0,1
90039,0.0,42,right_only,0.0,1
90040,0.0,3,right_only,0.0,1
90041,0.0,18,right_only,0.0,1
90042,0.0,20,right_only,0.0,1
90043,0.0,6,right_only,0.0,1
90044,0.0,12,right_only,0.0,1
90045,0.0,75,right_only,0.0,1
90046,0.0,52,right_only,0.0,1
90047,0.0,7,right_only,0.0,1
90048,0.0,37,right_only,0.0,1
90049,0.0,37,right_only,0.0,1
90056,0.0,5,right_only,0.0,1
90057,0.0,7,right_only,0.0,1
90058,0.0,23,right_only,0.0,1
90059,0.0,4,right_only,0.0,1
90061,0.0,5,right_only,0.0,1
90062,0.0,1,right_only,0.0,1
90063,0.0,1,right_only,0.0,1
90064,0.0,33,right_only,0.0,1
90065,0.0,9,right_only,0.0,1
90066,0.0,21,right_only,0.0,1
90067,0.0,83,right_only,0.0,1
90068,0.0,66,right_only,0.0,1
90069,0.0,35,right_only,0.0,1
90071,0.0,52,right_only,0.0,1
90077,0.0,6,right_only,0.0,1
90089,0.0,12,right_only,0.0,1
90094,0.0,17,right_only,0.0,1
90095,0.0,5,right_only,0.0,1
90210,0.0,46,right_only,0.0,1
90211,0.0,4,right_only,0.0,1
90212,0.0,12,right_only,0.0,1
90220,0.0,7,right_only,0.0,1
90221,0.0,11,right_only,0.0,1
90230,0.0,36,right_only,0.0,1
90232,0.0,74,right_only,0.0,1
90240,0.0,3,right_only,0.0,1
90241,0.0,19,right_only,0.0,1
90242,0.0,8,right_only,0.0,1
90245,0.0,54,right_only,0.0,1
90247,0.0,6,right_only,0.0,1
90248,0.0,22,right_only,0.0,1
90249,0.0,1,right_only,0.0,1
90250,0.0,12,right_only,0.0,1
90254,0.0,6,right_only,0.0,1
90255,0.0,2,right_only,0.0,1
90260,0.0,2,right_only,0.0,1
90262,0.0,4,right_only,0.0,1
90263,0.0,6,right_only,0.0,1
90265,0.0,55,right_only,0.0,1
90266,0.0,39,right_only,0.0,1
90272,0.0,6,right_only,0.0,1
90274,0.0,10,right_only,0.0,1
90275,0.0,6,right_only,0.0,1
90277,0.0,8,right_only,0.0,1
90278,0.0,7,right_only,0.0,1
90280,0.0,5,right_only,0.0,1
90290,0.0,1,right_only,0.0,1
90291,0.0,10,right_only,0.0,1
90292,0.0,23,right_only,0.0,1
90293,0.0,3,right_only,0.0,1
90301,0.0,28,right_only,0.0,1
90303,0.0,19,right_only,0.0,1
90304,0.0,2,right_only,0.0,1
90305,0.0,14,right_only,0.0,1
90401,0.0,71,right_only,0.0,1
90402,0.0,3,right_only,0.0,1
90403,0.0,18,right_only,0.0,1
90404,0.0,59,right_only,0.0,1
90405,0.0,57,right_only,0.0,1
9048.,0.0,1,right_only,0.0,1
90501,0.0,49,right_only,0.0,1
90502,0.0,19,right_only,0.0,1
90503,0.0,53,right_only,0.0,1
90504,0.0,12,right_only,0.0,1
90505,0.0,40,right_only,0.0,1
90601,0.0,8,right_only,0.0,1
90602,0.0,1,right_only,0.0,1
90603,0.0,3,right_only,0.0,1
90604,0.0,5,right_only,0.0,1
90605,0.0,1,right_only,0.0,1
90606,0.0,2,right_only,0.0,1
90620,0.0,7,right_only,0.0,1
90621,0.0,12,right_only,0.0,1
90623,0.0,1,right_only,0.0,1
90630,0.0,54,right_only,0.0,1
90631,0.0,10,right_only,0.0,1
90638,0.0,20,right_only,0.0,1
90640,0.0,32,right_only,0.0,1
90650,0.0,16,right_only,0.0,1
90660,0.0,5,right_only,0.0,1
90670,0.0,6,right_only,0.0,1
90680,0.0,7,right_only,0.0,1
90701,0.0,2,right_only,0.0,1
90703,0.0,30,right_only,0.0,1
90706,0.0,22,right_only,0.0,1
90710,0.0,3,right_only,0.0,1
90712,0.0,5,right_only,0.0,1
90713,0.0,4,right_only,0.0,1
90715,0.0,2,right_only,0.0,1
90716,0.0,4,right_only,0.0,1
90717,0.0,4,right_only,0.0,1
90720,0.0,4,right_only,0.0,1
90723,0.0,13,right_only,0.0,1
90731,0.0,29,right_only,0.0,1
90732,0.0,2,right_only,0.0,1
90740,0.0,14,right_only,0.0,1
90744,0.0,12,right_only,0.0,1
90745,0.0,29,right_only,0.0,1
90746,0.0,40,right_only,0.0,1
90755,0.0,10,right_only,0.0,1
90802,0.0,103,right_only,0.0,1
90803,0.0,24,right_only,0.0,1
90804,0.0,1,right_only,0.0,1
90805,0.0,6,right_only,0.0,1
90806,0.0,9,right_only,0.0,1
90807,0.0,3,right_only,0.0,1
90808,0.0,22,right_only,0.0,1
90810,0.0,12,right_only,0.0,1
90813,0.0,22,right_only,0.0,1
90815,0.0,14,right_only,0.0,1
90840,0.0,2,right_only,0.0,1
90846,0.0,8,right_only,0.0,1
91006,0.0,9,right_only,0.0,1
91007,0.0,12,right_only,0.0,1
91010,0.0,4,right_only,0.0,1
91011,0.0,9,right_only,0.0,1
91016,0.0,20,right_only,0.0,1
91030,0.0,12,right_only,0.0,1
91040,0.0,1,right_only,0.0,1
91042,0.0,6,right_only,0.0,1
91101,0.0,33,right_only,0.0,1
91103,0.0,4,right_only,0.0,1
91104,0.0,2,right_only,0.0,1
91105,0.0,20,right_only,0.0,1
91106,0.0,5,right_only,0.0,1
91107,0.0,32,right_only,0.0,1
91125,0.0,2,right_only,0.0,1
91201,0.0,8,right_only,0.0,1
91202,0.0,2,right_only,0.0,1
91203,0.0,19,right_only,0.0,1
91204,0.0,11,right_only,0.0,1
91205,0.0,6,right_only,0.0,1
91206,0.0,4,right_only,0.0,1
91208,0.0,7,right_only,0.0,1
91210,0.0,8,right_only,0.0,1
91214,0.0,2,right_only,0.0,1
91301,0.0,17,right_only,0.0,1
91302,0.0,14,right_only,0.0,1
91303,0.0,26,right_only,0.0,1
91304,0.0,6,right_only,0.0,1
91306,0.0,5,right_only,0.0,1
91307,0.0,6,right_only,0.0,1
91311,0.0,26,right_only,0.0,1
91316,0.0,12,right_only,0.0,1
91320,0.0,15,right_only,0.0,1
91321,0.0,9,right_only,0.0,1
91324,0.0,17,right_only,0.0,1
91325,0.0,20,right_only,0.0,1
91326,0.0,9,right_only,0.0,1
91330,0.0,8,right_only,0.0,1
91331,0.0,10,right_only,0.0,1
91335,0.0,14,right_only,0.0,1
91340,0.0,12,right_only,0.0,1
91342,0.0,12,right_only,0.0,1
91343,0.0,11,right_only,0.0,1
91344,0.0,8,right_only,0.0,1
91345,0.0,10,right_only,0.0,1
91350,0.0,10,right_only,0.0,1
91351,0.0,5,right_only,0.0,1
91352,0.0,5,right_only,0.0,1
91355,0.0,44,right_only,0.0,1
91356,0.0,24,right_only,0.0,1
91360,0.0,20,right_only,0.0,1
91361,0.0,24,right_only,0.0,1
91362,0.0,39,right_only,0.0,1
91364,0.0,7,right_only,0.0,1
91367,0.0,44,right_only,0.0,1
91377,0.0,1,right_only,0.0,1
91381,0.0,1,right_only,0.0,1
91384,0.0,1,right_only,0.0,1
91387,0.0,3,right_only,0.0,1
91401,0.0,11,right_only,0.0,1
91402,0.0,14,right_only,0.0,1
91403,0.0,12,right_only,0.0,1
91405,0.0,57,right_only,0.0,1
91406,0.0,17,right_only,0.0,1
91411,0.0,14,right_only,0.0,1
91423,0.0,25,right_only,0.0,1
91436,0.0,11,right_only,0.0,1
91502,0.0,66,right_only,0.0,1
91504,0.0,10,right_only,0.0,1
91505,0.0,40,right_only,0.0,1
91506,0.0,10,right_only,0.0,1
91522,0.0,1,right_only,0.0,1
91523,0.0,2,right_only,0.0,1
91601,0.0,21,right_only,0.0,1
91602,0.0,28,right_only,0.0,1
91604,0.0,19,right_only,0.0,1
91605,0.0,12,right_only,0.0,1
91606,0.0,42,right_only,0.0,1
91607,0.0,8,right_only,0.0,1
91608,0.0,43,right_only,0.0,1
91701,0.0,3,right_only,0.0,1
91702,0.0,9,right_only,0.0,1
91706,0.0,7,right_only,0.0,1
91708,0.0,1,right_only,0.0,1
91709,0.0,20,right_only,0.0,1
91710,0.0,7,right_only,0.0,1
91711,0.0,27,right_only,0.0,1
91722,0.0,2,right_only,0.0,1
91723,0.0,15,right_only,0.0,1
91724,0.0,1,right_only,0.0,1
91730,0.0,19,right_only,0.0,1
91731,0.0,17,right_only,0.0,1
91732,0.0,10,right_only,0.0,1
91733,0.0,3,right_only,0.0,1
91737,0.0,1,right_only,0.0,1
91739,0.0,5,right_only,0.0,1
91740,0.0,11,right_only,0.0,1
91741,0.0,10,right_only,0.0,1
91744,0.0,3,right_only,0.0,1
91745,0.0,4,right_only,0.0,1
91746,0.0,38,right_only,0.0,1
91748,0.0,9,right_only,0.0,1
91750,0.0,12,right_only,0.0,1
91752,0.0,4,right_only,0.0,1
91754,0.0,5,right_only,0.0,1
91755,0.0,6,right_only,0.0,1
9176.,0.0,1,right_only,0.0,1
91761,0.0,23,right_only,0.0,1
91762,0.0,4,right_only,0.0,1
91763,0.0,9,right_only,0.0,1
91764,0.0,21,right_only,0.0,1
91765,0.0,44,right_only,0.0,1
91766,0.0,4,right_only,0.0,1
91767,0.0,16,right_only,0.0,1
91768,0.0,5,right_only,0.0,1
91770,0.0,8,right_only,0.0,1
91773,0.0,16,right_only,0.0,1
91775,0.0,1,right_only,0.0,1
91776,0.0,8,right_only,0.0,1
91780,0.0,4,right_only,0.0,1
91786,0.0,7,right_only,0.0,1
91789,0.0,80,right_only,0.0,1
91790,0.0,11,right_only,0.0,1
91791,0.0,7,right_only,0.0,1
91792,0.0,1,right_only,0.0,1
91801,0.0,6,right_only,0.0,1
91803,0.0,4,right_only,0.0,1
91901,0.0,4,right_only,0.0,1
91906,0.0,6,right_only,0.0,1
91910,0.0,28,right_only,0.0,1
91911,0.0,27,right_only,0.0,1
91914,0.0,6,right_only,0.0,1
91915,0.0,7,right_only,0.0,1
91931,0.0,1,right_only,0.0,1
91932,0.0,5,right_only,0.0,1
91935,0.0,1,right_only,0.0,1
91941,0.0,1,right_only,0.0,1
91942,0.0,11,right_only,0.0,1
91943,0.0,1,right_only,0.0,1
91945,0.0,5,right_only,0.0,1
91950,0.0,32,right_only,0.0,1
91977,0.0,1,right_only,0.0,1
92004,0.0,5,right_only,0.0,1
92007,0.0,4,right_only,0.0,1
92008,0.0,31,right_only,0.0,1
92009,0.0,20,right_only,0.0,1
92010,0.0,10,right_only,0.0,1
92011,0.0,8,right_only,0.0,1
92014,0.0,13,right_only,0.0,1
92019,0.0,12,right_only,0.0,1
92020,0.0,40,right_only,0.0,1
92021,0.0,27,right_only,0.0,1
92024,0.0,23,right_only,0.0,1
92025,0.0,20,right_only,0.0,1
92026,0.0,11,right_only,0.0,1
92027,0.0,3,right_only,0.0,1
92028,0.0,18,right_only,0.0,1
92029,0.0,25,right_only,0.0,1
92036,0.0,5,right_only,0.0,1
92037,0.0,97,right_only,0.0,1
92040,0.0,16,right_only,0.0,1
92054,0.0,37,right_only,0.0,1
92056,0.0,13,right_only,0.0,1
92057,0.0,4,right_only,0.0,1
92058,0.0,2,right_only,0.0,1
92059,0.0,1,right_only,0.0,1
92064,0.0,5,right_only,0.0,1
92065,0.0,7,right_only,0.0,1
92067,0.0,5,right_only,0.0,1
92069,0.0,11,right_only,0.0,1
92070,0.0,3,right_only,0.0,1
92071,0.0,26,right_only,0.0,1
92075,0.0,36,right_only,0.0,1
92078,0.0,21,right_only,0.0,1
92081,0.0,19,right_only,0.0,1
92082,0.0,9,right_only,0.0,1
92083,0.0,4,right_only,0.0,1
92084,0.0,6,right_only,0.0,1
92086,0.0,4,right_only,0.0,1
92093,0.0,16,right_only,0.0,1
92101,0.0,260,right_only,0.0,1
92102,0.0,3,right_only,0.0,1
92103,0.0,33,right_only,0.0,1
92104,0.0,3,right_only,0.0,1
92105,0.0,1,right_only,0.0,1
92106,0.0,6,right_only,0.0,1
92108,0.0,62,right_only,0.0,1
92109,0.0,7,right_only,0.0,1
92110,0.0,29,right_only,0.0,1
92111,0.0,30,right_only,0.0,1
92113,0.0,6,right_only,0.0,1
92114,0.0,2,right_only,0.0,1
92115,0.0,13,right_only,0.0,1
92116,0.0,1,right_only,0.0,1
92117,0.0,3,right_only,0.0,1
92118,0.0,17,right_only,0.0,1
92119,0.0,3,right_only,0.0,1
92120,0.0,7,right_only,0.0,1
92121,0.0,104,right_only,0.0,1
92122,0.0,25,right_only,0.0,1
92123,0.0,62,right_only,0.0,1
92126,0.0,17,right_only,0.0,1
92127,0.0,58,right_only,0.0,1
92128,0.0,8,right_only,0.0,1
92129,0.0,8,right_only,0.0,1
92130,0.0,38,right_only,0.0,1
92131,0.0,10,right_only,0.0,1
92132,0.0,6,right_only,0.0,1
92139,0.0,1,right_only,0.0,1
92140,0.0,1,right_only,0.0,1
92154,0.0,8,right_only,0.0,1
92161,0.0,1,right_only,0.0,1
92173,0.0,5,right_only,0.0,1
92182,0.0,17,right_only,0.0,1
92201,0.0,19,right_only,0.0,1
92203,0.0,2,right_only,0.0,1
92210,0.0,23,right_only,0.0,1
92211,0.0,21,right_only,0.0,1
92220,0.0,4,right_only,0.0,1
92223,0.0,9,right_only,0.0,1
92225,0.0,12,right_only,0.0,1
92227,0.0,3,right_only,0.0,1
92230,0.0,6,right_only,0.0,1
92231,0.0,3,right_only,0.0,1
92233,0.0,2,right_only,0.0,1
92234,0.0,14,right_only,0.0,1
92236,0.0,2,right_only,0.0,1
92240,0.0,8,right_only,0.0,1
92243,0.0,8,right_only,0.0,1
92249,0.0,1,right_only,0.0,1
92251,0.0,5,right_only,0.0,1
92252,0.0,5,right_only,0.0,1
92253,0.0,11,right_only,0.0,1
92256,0.0,1,right_only,0.0,1
92260,0.0,9,right_only,0.0,1
92262,0.0,57,right_only,0.0,1
92264,0.0,14,right_only,0.0,1
92270,0.0,21,right_only,0.0,1
92274,0.0,1,right_only,0.0,1
92277,0.0,6,right_only,0.0,1
92284,0.0,5,right_only,0.0,1
92301,0.0,1,right_only,0.0,1
92307,0.0,3,right_only,0.0,1
92308,0.0,1,right_only,0.0,1
92309,0.0,7,right_only,0.0,1
92311,0.0,19,right_only,0.0,1
92313,0.0,4,right_only,0.0,1
92315,0.0,10,right_only,0.0,1
92316,0.0,5,right_only,0.0,1
92317,0.0,1,right_only,0.0,1
92320,0.0,2,right_only,0.0,1
92324,0.0,12,right_only,0.0,1
92325,0.0,1,right_only,0.0,1
92328,0.0,1,right_only,0.0,1
92331,0.0,1,right_only,0.0,1
92332,0.0,2,right_only,0.0,1
92335,0.0,26,right_only,0.0,1
92336,0.0,7,right_only,0.0,1
92337,0.0,1,right_only,0.0,1
92345,0.0,11,right_only,0.0,1
92346,0.0,24,right_only,0.0,1
92352,0.0,4,right_only,0.0,1
92354,0.0,25,right_only,0.0,1
92356,0.0,2,right_only,0.0,1
92363,0.0,5,right_only,0.0,1
92364,0.0,3,right_only,0.0,1
92373,0.0,3,right_only,0.0,1
92374,0.0,25,right_only,0.0,1
92376,0.0,9,right_only,0.0,1
92377,0.0,3,right_only,0.0,1
92382,0.0,1,right_only,0.0,1
92384,0.0,2,right_only,0.0,1
92385,0.0,1,right_only,0.0,1
92392,0.0,12,right_only,0.0,1
92394,0.0,8,right_only,0.0,1
92395,0.0,14,right_only,0.0,1
92397,0.0,1,right_only,0.0,1
92398,0.0,6,right_only,0.0,1
92399,0.0,3,right_only,0.0,1
92401,0.0,4,right_only,0.0,1
92404,0.0,15,right_only,0.0,1
92405,0.0,1,right_only,0.0,1
92407,0.0,3,right_only,0.0,1
92408,0.0,94,right_only,0.0,1
92410,0.0,26,right_only,0.0,1
92411,0.0,3,right_only,0.0,1
92415,0.0,2,right_only,0.0,1
92501,0.0,22,right_only,0.0,1
92503,0.0,17,right_only,0.0,1
92504,0.0,16,right_only,0.0,1
92505,0.0,2,right_only,0.0,1
92506,0.0,5,right_only,0.0,1
92507,0.0,46,right_only,0.0,1
92508,0.0,6,right_only,0.0,1
92509,0.0,9,right_only,0.0,1
92518,0.0,6,right_only,0.0,1
92530,0.0,6,right_only,0.0,1
92532,0.0,2,right_only,0.0,1
92539,0.0,5,right_only,0.0,1
92543,0.0,3,right_only,0.0,1
92544,0.0,2,right_only,0.0,1
92545,0.0,4,right_only,0.0,1
92549,0.0,2,right_only,0.0,1
92553,0.0,10,right_only,0.0,1
92555,0.0,21,right_only,0.0,1
92557,0.0,9,right_only,0.0,1
92562,0.0,25,right_only,0.0,1
92563,0.0,17,right_only,0.0,1
92570,0.0,5,right_only,0.0,1
92571,0.0,9,right_only,0.0,1
92582,0.0,1,right_only,0.0,1
92584,0.0,4,right_only,0.0,1
92586,0.0,1,right_only,0.0,1
92590,0.0,11,right_only,0.0,1
92591,0.0,16,right_only,0.0,1
92592,0.0,23,right_only,0.0,1
92595,0.0,4,right_only,0.0,1
92596,0.0,4,right_only,0.0,1
92602,0.0,16,right_only,0.0,1
92603,0.0,62,right_only,0.0,1
92604,0.0,32,right_only,0.0,1
92606,0.0,19,right_only,0.0,1
92610,0.0,8,right_only,0.0,1
92612,0.0,131,right_only,0.0,1
92614,0.0,60,right_only,0.0,1
92617,0.0,103,right_only,0.0,1
92618,0.0,338,right_only,0.0,1
92620,0.0,13,right_only,0.0,1
92624,0.0,1,right_only,0.0,1
92625,0.0,3,right_only,0.0,1
92626,0.0,99,right_only,0.0,1
92627,0.0,4,right_only,0.0,1
92629,0.0,11,right_only,0.0,1
92630,0.0,19,right_only,0.0,1
92637,0.0,9,right_only,0.0,1
92639,0.0,1,right_only,0.0,1
92646,0.0,4,right_only,0.0,1
92647,0.0,24,right_only,0.0,1
92648,0.0,31,right_only,0.0,1
92649,0.0,2,right_only,0.0,1
92651,0.0,13,right_only,0.0,1
92653,0.0,10,right_only,0.0,1
92656,0.0,17,right_only,0.0,1
92657,0.0,10,right_only,0.0,1
92660,0.0,91,right_only,0.0,1
92663,0.0,13,right_only,0.0,1
92672,0.0,12,right_only,0.0,1
92673,0.0,8,right_only,0.0,1
92675,0.0,10,right_only,0.0,1
92677,0.0,13,right_only,0.0,1
92679,0.0,1,right_only,0.0,1
92683,0.0,20,right_only,0.0,1
92688,0.0,3,right_only,0.0,1
92691,0.0,7,right_only,0.0,1
92692,0.0,16,right_only,0.0,1
92694,0.0,18,right_only,0.0,1
92697,0.0,3,right_only,0.0,1
92701,0.0,34,right_only,0.0,1
92703,0.0,3,right_only,0.0,1
92704,0.0,7,right_only,0.0,1
92705,0.0,20,right_only,0.0,1
92706,0.0,10,right_only,0.0,1
92707,0.0,12,right_only,0.0,1
92708,0.0,18,right_only,0.0,1
92780,0.0,29,right_only,0.0,1
92782,0.0,14,right_only,0.0,1
92801,0.0,15,right_only,0.0,1
92802,0.0,150,right_only,0.0,1
92803,0.0,1,right_only,0.0,1
92804,0.0,7,right_only,0.0,1
92805,0.0,41,right_only,0.0,1
92806,0.0,20,right_only,0.0,1
92807,0.0,10,right_only,0.0,1
92808,0.0,2,right_only,0.0,1
92821,0.0,15,right_only,0.0,1
92823,0.0,2,right_only,0.0,1
92831,0.0,54,right_only,0.0,1
92832,0.0,50,right_only,0.0,1
92833,0.0,11,right_only,0.0,1
92835,0.0,7,right_only,0.0,1
92840,0.0,6,right_only,0.0,1
92841,0.0,1,right_only,0.0,1
92843,0.0,1,right_only,0.0,1
92844,0.0,1,right_only,0.0,1
92860,0.0,4,right_only,0.0,1
92865,0.0,1,right_only,0.0,1
92866,0.0,9,right_only,0.0,1
92867,0.0,7,right_only,0.0,1
92868,0.0,69,right_only,0.0,1
92869,0.0,2,right_only,0.0,1
92870,0.0,6,right_only,0.0,1
92878,0.0,1,right_only,0.0,1
92879,0.0,8,right_only,0.0,1
92880,0.0,6,right_only,0.0,1
92881,0.0,4,right_only,0.0,1
92882,0.0,20,right_only,0.0,1
92883,0.0,4,right_only,0.0,1
92886,0.0,15,right_only,0.0,1
92887,0.0,4,right_only,0.0,1
93001,0.0,18,right_only,0.0,1
93002,0.0,1,right_only,0.0,1
93003,0.0,19,right_only,0.0,1
93004,0.0,6,right_only,0.0,1
93009,0.0,2,right_only,0.0,1
93010,0.0,27,right_only,0.0,1
93012,0.0,10,right_only,0.0,1
93013,0.0,6,right_only,0.0,1
93015,0.0,3,right_only,0.0,1
93021,0.0,14,right_only,0.0,1
93022,0.0,1,right_only,0.0,1
93023,0.0,11,right_only,0.0,1
93030,0.0,8,right_only,0.0,1
93033,0.0,5,right_only,0.0,1
93035,0.0,6,right_only,0.0,1
93036,0.0,25,right_only,0.0,1
93041,0.0,7,right_only,0.0,1
93060,0.0,7,right_only,0.0,1
93063,0.0,4,right_only,0.0,1
93065,0.0,11,right_only,0.0,1
93066,0.0,1,right_only,0.0,1
93101,0.0,48,right_only,0.0,1
93103,0.0,5,right_only,0.0,1
93105,0.0,7,right_only,0.0,1
93106,0.0,13,right_only,0.0,1
93108,0.0,11,right_only,0.0,1
93109,0.0,7,right_only,0.0,1
93110,0.0,5,right_only,0.0,1
93111,0.0,2,right_only,0.0,1
93117,0.0,34,right_only,0.0,1
93203,0.0,7,right_only,0.0,1
93204,0.0,2,right_only,0.0,1
93206,0.0,8,right_only,0.0,1
93210,0.0,11,right_only,0.0,1
93215,0.0,9,right_only,0.0,1
93221,0.0,2,right_only,0.0,1
93223,0.0,5,right_only,0.0,1
93230,0.0,39,right_only,0.0,1
93234,0.0,4,right_only,0.0,1
93239,0.0,8,right_only,0.0,1
93241,0.0,3,right_only,0.0,1
93243,0.0,8,right_only,0.0,1
93245,0.0,5,right_only,0.0,1
93246,0.0,1,right_only,0.0,1
93247,0.0,5,right_only,0.0,1
93249,0.0,6,right_only,0.0,1
93250,0.0,7,right_only,0.0,1
93254,0.0,2,right_only,0.0,1
93257,0.0,11,right_only,0.0,1
93263,0.0,4,right_only,0.0,1
93268,0.0,2,right_only,0.0,1
93271,0.0,2,right_only,0.0,1
93274,0.0,10,right_only,0.0,1
93277,0.0,10,right_only,0.0,1
93280,0.0,6,right_only,0.0,1
93286,0.0,5,right_only,0.0,1
93291,0.0,14,right_only,0.0,1
93292,0.0,11,right_only,0.0,1
93301,0.0,49,right_only,0.0,1
93304,0.0,4,right_only,0.0,1
93305,0.0,1,right_only,0.0,1
93306,0.0,3,right_only,0.0,1
93307,0.0,6,right_only,0.0,1
93308,0.0,19,right_only,0.0,1
93309,0.0,7,right_only,0.0,1
93311,0.0,11,right_only,0.0,1
93312,0.0,2,right_only,0.0,1
93313,0.0,15,right_only,0.0,1
93314,0.0,2,right_only,0.0,1
93401,0.0,58,right_only,0.0,1
93402,0.0,1,right_only,0.0,1
93405,0.0,22,right_only,0.0,1
93407,0.0,11,right_only,0.0,1
93420,0.0,9,right_only,0.0,1
93422,0.0,16,right_only,0.0,1
93424,0.0,3,right_only,0.0,1
93426,0.0,2,right_only,0.0,1
93427,0.0,3,right_only,0.0,1
93428,0.0,7,right_only,0.0,1
93430,0.0,3,right_only,0.0,1
93432,0.0,1,right_only,0.0,1
93433,0.0,3,right_only,0.0,1
93436,0.0,11,right_only,0.0,1
93440,0.0,2,right_only,0.0,1
93442,0.0,3,right_only,0.0,1
93446,0.0,55,right_only,0.0,1
93449,0.0,23,right_only,0.0,1
93450,0.0,1,right_only,0.0,1
93451,0.0,1,right_only,0.0,1
93452,0.0,3,right_only,0.0,1
93453,0.0,1,right_only,0.0,1
93454,0.0,35,right_only,0.0,1
93455,0.0,14,right_only,0.0,1
93458,0.0,5,right_only,0.0,1
93460,0.0,10,right_only,0.0,1
93461,0.0,1,right_only,0.0,1
93463,0.0,9,right_only,0.0,1
93465,0.0,5,right_only,0.0,1
93499,0.0,1,right_only,0.0,1
93501,0.0,12,right_only,0.0,1
93510,0.0,1,right_only,0.0,1
93514,0.0,7,right_only,0.0,1
93516,0.0,4,right_only,0.0,1
93517,0.0,3,right_only,0.0,1
93523,0.0,4,right_only,0.0,1
93527,0.0,8,right_only,0.0,1
93534,0.0,24,right_only,0.0,1
93535,0.0,10,right_only,0.0,1
93536,0.0,12,right_only,0.0,1
93541,0.0,1,right_only,0.0,1
93543,0.0,2,right_only,0.0,1
93545,0.0,1,right_only,0.0,1
93546,0.0,7,right_only,0.0,1
93549,0.0,2,right_only,0.0,1
93550,0.0,7,right_only,0.0,1
93551,0.0,20,right_only,0.0,1
93552,0.0,2,right_only,0.0,1
93555,0.0,3,right_only,0.0,1
93561,0.0,15,right_only,0.0,1
93562,0.0,1,right_only,0.0,1
93601,0.0,1,right_only,0.0,1
93610,0.0,7,right_only,0.0,1
93611,0.0,12,right_only,0.0,1
93612,0.0,16,right_only,0.0,1
93614,0.0,4,right_only,0.0,1
93616,0.0,1,right_only,0.0,1
93618,0.0,3,right_only,0.0,1
93622,0.0,7,right_only,0.0,1
93623,0.0,3,right_only,0.0,1
93625,0.0,4,right_only,0.0,1
93630,0.0,11,right_only,0.0,1
93631,0.0,2,right_only,0.0,1
93635,0.0,11,right_only,0.0,1
93636,0.0,1,right_only,0.0,1
93637,0.0,11,right_only,0.0,1
93638,0.0,9,right_only,0.0,1
93640,0.0,10,right_only,0.0,1
93644,0.0,11,right_only,0.0,1
93645,0.0,1,right_only,0.0,1
93646,0.0,2,right_only,0.0,1
93647,0.0,1,right_only,0.0,1
93648,0.0,4,right_only,0.0,1
93650,0.0,4,right_only,0.0,1
93651,0.0,1,right_only,0.0,1
93654,0.0,2,right_only,0.0,1
93657,0.0,5,right_only,0.0,1
93660,0.0,1,right_only,0.0,1
93662,0.0,9,right_only,0.0,1
93673,0.0,2,right_only,0.0,1
93702,0.0,1,right_only,0.0,1
93703,0.0,6,right_only,0.0,1
93704,0.0,19,right_only,0.0,1
93706,0.0,7,right_only,0.0,1
93710,0.0,14,right_only,0.0,1
93711,0.0,7,right_only,0.0,1
93720,0.0,32,right_only,0.0,1
93721,0.0,27,right_only,0.0,1
93722,0.0,24,right_only,0.0,1
93726,0.0,8,right_only,0.0,1
93727,0.0,15,right_only,0.0,1
93728,0.0,9,right_only,0.0,1
93730,0.0,3,right_only,0.0,1
93740,0.0,7,right_only,0.0,1
93901,0.0,18,right_only,0.0,1
93905,0.0,10,right_only,0.0,1
93906,0.0,3,right_only,0.0,1
93907,0.0,7,right_only,0.0,1
93908,0.0,5,right_only,0.0,1
93920,0.0,4,right_only,0.0,1
93921,0.0,3,right_only,0.0,1
93923,0.0,19,right_only,0.0,1
93924,0.0,3,right_only,0.0,1
93927,0.0,1,right_only,0.0,1
93930,0.0,5,right_only,0.0,1
93933,0.0,35,right_only,0.0,1
93940,0.0,25,right_only,0.0,1
93950,0.0,16,right_only,0.0,1
93953,0.0,7,right_only,0.0,1
93955,0.0,32,right_only,0.0,1
93960,0.0,8,right_only,0.0,1
94002,0.0,2,right_only,0.0,1
94005,0.0,41,right_only,0.0,1
94010,0.0,97,right_only,0.0,1
94014,0.0,8,right_only,0.0,1
94015,0.0,12,right_only,0.0,1
94018,0.0,2,right_only,0.0,1
94019,0.0,10,right_only,0.0,1
94022,0.0,20,right_only,0.0,1
94024,0.0,4,right_only,0.0,1
94025,0.0,307,right_only,0.0,1
94027,0.0,3,right_only,0.0,1
94028,0.0,5,right_only,0.0,1
94030,0.0,25,right_only,0.0,1
94035,0.0,1,right_only,0.0,1
94038,0.0,1,right_only,0.0,1
94040,0.0,43,right_only,0.0,1
94041,0.0,10,right_only,0.0,1
94043,0.0,94,right_only,0.0,1
94044,0.0,5,right_only,0.0,1
94061,0.0,10,right_only,0.0,1
94062,0.0,18,right_only,0.0,1
94063,0.0,111,right_only,0.0,1
94065,0.0,63,right_only,0.0,1
94066,0.0,12,right_only,0.0,1
94070,0.0,15,right_only,0.0,1
94080,0.0,193,right_only,0.0,1
94085,0.0,19,right_only,0.0,1
94086,0.0,112,right_only,0.0,1
94087,0.0,25,right_only,0.0,1
94089,0.0,31,right_only,0.0,1
94102,0.0,24,right_only,0.0,1
94103,0.0,59,right_only,0.0,1
94104,0.0,5,right_only,0.0,1
94105,0.0,36,right_only,0.0,1
94107,0.0,40,right_only,0.0,1
94108,0.0,29,right_only,0.0,1
94109,0.0,18,right_only,0.0,1
94110,0.0,13,right_only,0.0,1
94111,0.0,37,right_only,0.0,1
94112,0.0,8,right_only,0.0,1
94115,0.0,9,right_only,0.0,1
94116,0.0,11,right_only,0.0,1
94117,0.0,3,right_only,0.0,1
94118,0.0,7,right_only,0.0,1
94121,0.0,2,right_only,0.0,1
94122,0.0,8,right_only,0.0,1
94123,0.0,39,right_only,0.0,1
94124,0.0,8,right_only,0.0,1
94128,0.0,106,right_only,0.0,1
94129,0.0,6,right_only,0.0,1
94131,0.0,1,right_only,0.0,1
94132,0.0,29,right_only,0.0,1
94133,0.0,6,right_only,0.0,1
94143,0.0,5,right_only,0.0,1
94158,0.0,130,right_only,0.0,1
94301,0.0,29,right_only,0.0,1
94303,0.0,22,right_only,0.0,1
94304,0.0,69,right_only,0.0,1
94305,0.0,51,right_only,0.0,1
94306,0.0,88,right_only,0.0,1
94401,0.0,37,right_only,0.0,1
94402,0.0,52,right_only,0.0,1
94403,0.0,128,right_only,0.0,1
94404,0.0,49,right_only,0.0,1
94501,0.0,23,right_only,0.0,1
94502,0.0,26,right_only,0.0,1
94503,0.0,11,right_only,0.0,1
94506,0.0,2,right_only,0.0,1
94507,0.0,2,right_only,0.0,1
94508,0.0,1,right_only,0.0,1
94509,0.0,14,right_only,0.0,1
94510,0.0,5,right_only,0.0,1
94513,0.0,30,right_only,0.0,1
94514,0.0,1,right_only,0.0,1
94515,0.0,21,right_only,0.0,1
94519,0.0,2,right_only,0.0,1
94520,0.0,22,right_only,0.0,1
94521,0.0,5,right_only,0.0,1
94523,0.0,23,right_only,0.0,1
94526,0.0,6,right_only,0.0,1
94530,0.0,5,right_only,0.0,1
94531,0.0,2,right_only,0.0,1
94533,0.0,20,right_only,0.0,1
94534,0.0,30,right_only,0.0,1
94536,0.0,6,right_only,0.0,1
94538,0.0,89,right_only,0.0,1
94539,0.0,47,right_only,0.0,1
94541,0.0,9,right_only,0.0,1
94542,0.0,26,right_only,0.0,1
94544,0.0,50,right_only,0.0,1
94545,0.0,38,right_only,0.0,1
94546,0.0,7,right_only,0.0,1
94547,0.0,12,right_only,0.0,1
94549,0.0,6,right_only,0.0,1
94550,0.0,12,right_only,0.0,1
94551,0.0,39,right_only,0.0,1
94553,0.0,36,right_only,0.0,1
94555,0.0,13,right_only,0.0,1
94556,0.0,8,right_only,0.0,1
94558,0.0,75,right_only,0.0,1
94559,0.0,62,right_only,0.0,1
94560,0.0,32,right_only,0.0,1
94561,0.0,14,right_only,0.0,1
94562,0.0,5,right_only,0.0,1
94564,0.0,3,right_only,0.0,1
94565,0.0,20,right_only,0.0,1
94566,0.0,30,right_only,0.0,1
94568,0.0,78,right_only,0.0,1
94571,0.0,2,right_only,0.0,1
94573,0.0,5,right_only,0.0,1
94574,0.0,37,right_only,0.0,1
94576,0.0,1,right_only,0.0,1
94577,0.0,9,right_only,0.0,1
94578,0.0,7,right_only,0.0,1
94579,0.0,8,right_only,0.0,1
94580,0.0,4,right_only,0.0,1
94582,0.0,8,right_only,0.0,1
94583,0.0,23,right_only,0.0,1
94585,0.0,7,right_only,0.0,1
94587,0.0,7,right_only,0.0,1
94588,0.0,55,right_only,0.0,1
94589,0.0,3,right_only,0.0,1
94590,0.0,26,right_only,0.0,1
94591,0.0,7,right_only,0.0,1
94592,0.0,3,right_only,0.0,1
94595,0.0,2,right_only,0.0,1
94596,0.0,29,right_only,0.0,1
94597,0.0,21,right_only,0.0,1
94598,0.0,24,right_only,0.0,1
94599,0.0,9,right_only,0.0,1
94601,0.0,1,right_only,0.0,1
94602,0.0,2,right_only,0.0,1
94603,0.0,2,right_only,0.0,1
94605,0.0,3,right_only,0.0,1
94606,0.0,2,right_only,0.0,1
94607,0.0,46,right_only,0.0,1
94608,0.0,23,right_only,0.0,1
94609,0.0,17,right_only,0.0,1
94610,0.0,1,right_only,0.0,1
94611,0.0,5,right_only,0.0,1
94612,0.0,58,right_only,0.0,1
94619,0.0,1,right_only,0.0,1
94621,0.0,16,right_only,0.0,1
94702,0.0,2,right_only,0.0,1
94704,0.0,42,right_only,0.0,1
94705,0.0,8,right_only,0.0,1
94706,0.0,1,right_only,0.0,1
94707,0.0,1,right_only,0.0,1
94709,0.0,1,right_only,0.0,1
94710,0.0,15,right_only,0.0,1
94720,0.0,1,right_only,0.0,1
94801,0.0,1,right_only,0.0,1
94804,0.0,18,right_only,0.0,1
94805,0.0,2,right_only,0.0,1
94806,0.0,23,right_only,0.0,1
94901,0.0,24,right_only,0.0,1
94903,0.0,41,right_only,0.0,1
94904,0.0,12,right_only,0.0,1
94920,0.0,13,right_only,0.0,1
94925,0.0,8,right_only,0.0,1
94928,0.0,48,right_only,0.0,1
94929,0.0,1,right_only,0.0,1
94930,0.0,3,right_only,0.0,1
94931,0.0,5,right_only,0.0,1
94937,0.0,1,right_only,0.0,1
94939,0.0,13,right_only,0.0,1
94941,0.0,12,right_only,0.0,1
94945,0.0,20,right_only,0.0,1
94947,0.0,11,right_only,0.0,1
94949,0.0,19,right_only,0.0,1
94950,0.0,2,right_only,0.0,1
94952,0.0,24,right_only,0.0,1
94954,0.0,18,right_only,0.0,1
94956,0.0,3,right_only,0.0,1
94957,0.0,2,right_only,0.0,1
94960,0.0,16,right_only,0.0,1
94965,0.0,4,right_only,0.0,1
94970,0.0,3,right_only,0.0,1
95002,0.0,6,right_only,0.0,1
95003,0.0,4,right_only,0.0,1
95008,0.0,54,right_only,0.0,1
95010,0.0,7,right_only,0.0,1
95014,0.0,115,right_only,0.0,1
95018,0.0,3,right_only,0.0,1
95020,0.0,31,right_only,0.0,1
95023,0.0,16,right_only,0.0,1
95030,0.0,17,right_only,0.0,1
95032,0.0,6,right_only,0.0,1
95033,0.0,1,right_only,0.0,1
95035,0.0,79,right_only,0.0,1
95037,0.0,18,right_only,0.0,1
95043,0.0,2,right_only,0.0,1
95046,0.0,4,right_only,0.0,1
95050,0.0,40,right_only,0.0,1
95051,0.0,18,right_only,0.0,1
95053,0.0,5,right_only,0.0,1
95054,0.0,294,right_only,0.0,1
95060,0.0,29,right_only,0.0,1
95062,0.0,5,right_only,0.0,1
95064,0.0,14,right_only,0.0,1
95065,0.0,3,right_only,0.0,1
95066,0.0,7,right_only,0.0,1
95070,0.0,16,right_only,0.0,1
95073,0.0,1,right_only,0.0,1
95076,0.0,28,right_only,0.0,1
95110,0.0,81,right_only,0.0,1
95111,0.0,2,right_only,0.0,1
95112,0.0,97,right_only,0.0,1
95113,0.0,64,right_only,0.0,1
95116,0.0,2,right_only,0.0,1
95117,0.0,52,right_only,0.0,1
95118,0.0,14,right_only,0.0,1
95119,0.0,4,right_only,0.0,1
95120,0.0,2,right_only,0.0,1
95121,0.0,6,right_only,0.0,1
95122,0.0,5,right_only,0.0,1
95123,0.0,11,right_only,0.0,1
95124,0.0,5,right_only,0.0,1
95125,0.0,4,right_only,0.0,1
95126,0.0,41,right_only,0.0,1
95127,0.0,2,right_only,0.0,1
95128,0.0,62,right_only,0.0,1
95129,0.0,13,right_only,0.0,1
95131,0.0,27,right_only,0.0,1
95132,0.0,2,right_only,0.0,1
95133,0.0,38,right_only,0.0,1
95134,0.0,99,right_only,0.0,1
95135,0.0,9,right_only,0.0,1
95136,0.0,7,right_only,0.0,1
95138,0.0,10,right_only,0.0,1
95139,0.0,1,right_only,0.0,1
95148,0.0,2,right_only,0.0,1
95202,0.0,5,right_only,0.0,1
95203,0.0,1,right_only,0.0,1
95204,0.0,5,right_only,0.0,1
95205,0.0,1,right_only,0.0,1
95206,0.0,4,right_only,0.0,1
95207,0.0,10,right_only,0.0,1
95209,0.0,2,right_only,0.0,1
95210,0.0,5,right_only,0.0,1
95211,0.0,5,right_only,0.0,1
95212,0.0,5,right_only,0.0,1
95215,0.0,1,right_only,0.0,1
95219,0.0,7,right_only,0.0,1
95220,0.0,3,right_only,0.0,1
95222,0.0,1,right_only,0.0,1
95223,0.0,3,right_only,0.0,1
95228,0.0,1,right_only,0.0,1
95231,0.0,1,right_only,0.0,1
95237,0.0,1,right_only,0.0,1
95240,0.0,15,right_only,0.0,1
95242,0.0,12,right_only,0.0,1
95247,0.0,3,right_only,0.0,1
95261,0.0,1,right_only,0.0,1
95301,0.0,6,right_only,0.0,1
95304,0.0,8,right_only,0.0,1
95305,0.0,1,right_only,0.0,1
95307,0.0,6,right_only,0.0,1
95315,0.0,1,right_only,0.0,1
95318,0.0,2,right_only,0.0,1
95319,0.0,1,right_only,0.0,1
95320,0.0,2,right_only,0.0,1
95321,0.0,11,right_only,0.0,1
95322,0.0,5,right_only,0.0,1
95326,0.0,2,right_only,0.0,1
95327,0.0,4,right_only,0.0,1
95330,0.0,11,right_only,0.0,1
95334,0.0,1,right_only,0.0,1
95336,0.0,10,right_only,0.0,1
95337,0.0,27,right_only,0.0,1
95338,0.0,3,right_only,0.0,1
95340,0.0,4,right_only,0.0,1
95343,0.0,3,right_only,0.0,1
95345,0.0,1,right_only,0.0,1
95346,0.0,1,right_only,0.0,1
95348,0.0,4,right_only,0.0,1
95350,0.0,3,right_only,0.0,1
95351,0.0,3,right_only,0.0,1
95354,0.0,13,right_only,0.0,1
95355,0.0,1,right_only,0.0,1
95356,0.0,14,right_only,0.0,1
95358,0.0,4,right_only,0.0,1
95361,0.0,7,right_only,0.0,1
95363,0.0,7,right_only,0.0,1
95366,0.0,3,right_only,0.0,1
95370,0.0,7,right_only,0.0,1
95376,0.0,16,right_only,0.0,1
95377,0.0,14,right_only,0.0,1
95379,0.0,1,right_only,0.0,1
95380,0.0,21,right_only,0.0,1
95382,0.0,4,right_only,0.0,1
95383,0.0,1,right_only,0.0,1
95386,0.0,1,right_only,0.0,1
95387,0.0,2,right_only,0.0,1
95389,0.0,9,right_only,0.0,1
95391,0.0,1,right_only,0.0,1
95401,0.0,20,right_only,0.0,1
95402,0.0,1,right_only,0.0,1
95403,0.0,42,right_only,0.0,1
95404,0.0,10,right_only,0.0,1
95405,0.0,4,right_only,0.0,1
95407,0.0,34,right_only,0.0,1
95409,0.0,1,right_only,0.0,1
95412,0.0,1,right_only,0.0,1
95415,0.0,1,right_only,0.0,1
95422,0.0,1,right_only,0.0,1
95423,0.0,1,right_only,0.0,1
95425,0.0,5,right_only,0.0,1
95432,0.0,2,right_only,0.0,1
95436,0.0,6,right_only,0.0,1
95437,0.0,9,right_only,0.0,1
95438,0.0,1,right_only,0.0,1
95439,0.0,2,right_only,0.0,1
95441,0.0,5,right_only,0.0,1
95442,0.0,5,right_only,0.0,1
95446,0.0,3,right_only,0.0,1
95448,0.0,53,right_only,0.0,1
95449,0.0,2,right_only,0.0,1
95450,0.0,3,right_only,0.0,1
95451,0.0,1,right_only,0.0,1
95452,0.0,2,right_only,0.0,1
95453,0.0,2,right_only,0.0,1
95454,0.0,4,right_only,0.0,1
95456,0.0,6,right_only,0.0,1
95460,0.0,7,right_only,0.0,1
95461,0.0,4,right_only,0.0,1
95462,0.0,2,right_only,0.0,1
95465,0.0,1,right_only,0.0,1
95466,0.0,5,right_only,0.0,1
95468,0.0,2,right_only,0.0,1
95470,0.0,2,right_only,0.0,1
95472,0.0,12,right_only,0.0,1
95476,0.0,22,right_only,0.0,1
95482,0.0,21,right_only,0.0,1
95485,0.0,2,right_only,0.0,1
95490,0.0,6,right_only,0.0,1
95492,0.0,14,right_only,0.0,1
95497,0.0,4,right_only,0.0,1
95501,0.0,17,right_only,0.0,1
95503,0.0,4,right_only,0.0,1
95519,0.0,1,right_only,0.0,1
95521,0.0,16,right_only,0.0,1
95525,0.0,9,right_only,0.0,1
95531,0.0,10,right_only,0.0,1
95536,0.0,4,right_only,0.0,1
95540,0.0,10,right_only,0.0,1
95542,0.0,5,right_only,0.0,1
95546,0.0,6,right_only,0.0,1
95551,0.0,4,right_only,0.0,1
95553,0.0,1,right_only,0.0,1
95562,0.0,1,right_only,0.0,1
95567,0.0,3,right_only,0.0,1
95570,0.0,3,right_only,0.0,1
95573,0.0,2,right_only,0.0,1
95585,0.0,1,right_only,0.0,1
95589,0.0,1,right_only,0.0,1
95601,0.0,2,right_only,0.0,1
95603,0.0,31,right_only,0.0,1
95605,0.0,13,right_only,0.0,1
95606,0.0,2,right_only,0.0,1
95608,0.0,7,right_only,0.0,1
95610,0.0,7,right_only,0.0,1
95616,0.0,31,right_only,0.0,1
95618,0.0,15,right_only,0.0,1
95620,0.0,7,right_only,0.0,1
95621,0.0,7,right_only,0.0,1
95624,0.0,4,right_only,0.0,1
95627,0.0,5,right_only,0.0,1
95628,0.0,7,right_only,0.0,1
95630,0.0,61,right_only,0.0,1
95632,0.0,5,right_only,0.0,1
95634,0.0,1,right_only,0.0,1
95640,0.0,1,right_only,0.0,1
95642,0.0,4,right_only,0.0,1
95645,0.0,2,right_only,0.0,1
95646,0.0,4,right_only,0.0,1
95648,0.0,22,right_only,0.0,1
95650,0.0,3,right_only,0.0,1
95651,0.0,1,right_only,0.0,1
95652,0.0,5,right_only,0.0,1
95658,0.0,1,right_only,0.0,1
95660,0.0,1,right_only,0.0,1
95661,0.0,17,right_only,0.0,1
95662,0.0,1,right_only,0.0,1
95667,0.0,31,right_only,0.0,1
95669,0.0,4,right_only,0.0,1
95670,0.0,25,right_only,0.0,1
95677,0.0,23,right_only,0.0,1
95678,0.0,35,right_only,0.0,1
95682,0.0,3,right_only,0.0,1
95683,0.0,2,right_only,0.0,1
95684,0.0,4,right_only,0.0,1
95685,0.0,4,right_only,0.0,1
95687,0.0,21,right_only,0.0,1
95688,0.0,16,right_only,0.0,1
95691,0.0,23,right_only,0.0,1
95694,0.0,5,right_only,0.0,1
95695,0.0,19,right_only,0.0,1
95713,0.0,4,right_only,0.0,1
95726,0.0,5,right_only,0.0,1
95728,0.0,5,right_only,0.0,1
95735,0.0,1,right_only,0.0,1
95742,0.0,3,right_only,0.0,1
95746,0.0,5,right_only,0.0,1
95747,0.0,9,right_only,0.0,1
95757,0.0,54,right_only,0.0,1
95758,0.0,15,right_only,0.0,1
95762,0.0,11,right_only,0.0,1
95765,0.0,8,right_only,0.0,1
95776,0.0,12,right_only,0.0,1
95811,0.0,47,right_only,0.0,1
95814,0.0,131,right_only,0.0,1
95815,0.0,21,right_only,0.0,1
95816,0.0,9,right_only,0.0,1
95817,0.0,20,right_only,0.0,1
95818,0.0,2,right_only,0.0,1
95819,0.0,6,right_only,0.0,1
95820,0.0,11,right_only,0.0,1
95821,0.0,6,right_only,0.0,1
95822,0.0,12,right_only,0.0,1
95823,0.0,9,right_only,0.0,1
95824,0.0,1,right_only,0.0,1
95825,0.0,6,right_only,0.0,1
95826,0.0,12,right_only,0.0,1
95827,0.0,24,right_only,0.0,1
95828,0.0,4,right_only,0.0,1
95829,0.0,2,right_only,0.0,1
95831,0.0,4,right_only,0.0,1
95832,0.0,4,right_only,0.0,1
95833,0.0,34,right_only,0.0,1
95834,0.0,24,right_only,0.0,1
95835,0.0,17,right_only,0.0,1
95837,0.0,3,right_only,0.0,1
95838,0.0,5,right_only,0.0,1
95841,0.0,7,right_only,0.0,1
95842,0.0,4,right_only,0.0,1
95843,0.0,1,right_only,0.0,1
95864,0.0,3,right_only,0.0,1
95901,0.0,3,right_only,0.0,1
95926,0.0,3,right_only,0.0,1
95928,0.0,36,right_only,0.0,1
95932,0.0,1,right_only,0.0,1
95936,0.0,2,right_only,0.0,1
95937,0.0,5,right_only,0.0,1
95945,0.0,12,right_only,0.0,1
95948,0.0,1,right_only,0.0,1
95949,0.0,1,right_only,0.0,1
95959,0.0,1,right_only,0.0,1
95960,0.0,1,right_only,0.0,1
95961,0.0,1,right_only,0.0,1
95962,0.0,2,right_only,0.0,1
95963,0.0,2,right_only,0.0,1
95965,0.0,3,right_only,0.0,1
95966,0.0,1,right_only,0.0,1
95969,0.0,2,right_only,0.0,1
95971,0.0,3,right_only,0.0,1
95973,0.0,4,right_only,0.0,1
95987,0.0,4,right_only,0.0,1
95988,0.0,2,right_only,0.0,1
95991,0.0,3,right_only,0.0,1
95993,0.0,3,right_only,0.0,1
96001,0.0,14,right_only,0.0,1
96002,0.0,18,right_only,0.0,1
96003,0.0,9,right_only,0.0,1
96007,0.0,4,right_only,0.0,1
96013,0.0,1,right_only,0.0,1
96021,0.0,6,right_only,0.0,1
96022,0.0,1,right_only,0.0,1
96024,0.0,1,right_only,0.0,1
96025,0.0,3,right_only,0.0,1
96044,0.0,1,right_only,0.0,1
96051,0.0,2,right_only,0.0,1
96052,0.0,1,right_only,0.0,1
96063,0.0,2,right_only,0.0,1
96067,0.0,11,right_only,0.0,1
96073,0.0,1,right_only,0.0,1
96080,0.0,12,right_only,0.0,1
96088,0.0,1,right_only,0.0,1
96091,0.0,2,right_only,0.0,1
96093,0.0,1,right_only,0.0,1
96094,0.0,6,right_only,0.0,1
96097,0.0,7,right_only,0.0,1
96101,0.0,2,right_only,0.0,1
96103,0.0,2,right_only,0.0,1
96106,0.0,1,right_only,0.0,1
96107,0.0,1,right_only,0.0,1
96115,0.0,1,right_only,0.0,1
96118,0.0,1,right_only,0.0,1
96120,0.0,2,right_only,0.0,1
96122,0.0,1,right_only,0.0,1
96130,0.0,5,right_only,0.0,1
96134,0.0,1,right_only,0.0,1
96145,0.0,7,right_only,0.0,1
96146,0.0,3,right_only,0.0,1
96148,0.0,1,right_only,0.0,1
96150,0.0,19,right_only,0.0,1
96161,0.0,25,right_only,0.0,1
99067,0.0,1,right_only,0.0,1
nan,0.0,1,right_only,0.0,1
